--USUARIOS
insert into usuario (cedula, nombres, apellidos, correo_electronico, contrasena, type) values ('001', 'Andres', 'Perez', 'a@.com', '123', 'coordinador');
insert into usuario (cedula, nombres, apellidos, correo_electronico, contrasena, type) values ('002', 'Andres', 'Roa', 'b@.com', '124', 'coordinador');
insert into usuario (cedula, nombres, apellidos, correo_electronico, contrasena, type) values ('003', 'Miguel', 'Murillo', 'c@.com', '125', 'coordinador');
insert into usuario (cedula, nombres, apellidos, correo_electronico, contrasena, type) values ('004', 'Pecoso', 'Castro', 'd@.com', '126', 'coordinador');
insert into usuario (cedula, nombres, apellidos, correo_electronico, contrasena, type) values ('005', 'Heli', 'Palacios', 'e@.com', '127', 'coordinador');
insert into usuario (cedula, nombres, apellidos, correo_electronico, contrasena, type) values ('006', 'Harold', 'Preciado', 'f@.com', '128', 'coordinador');
insert into usuario (cedula, nombres, apellidos, correo_electronico, contrasena, type) values ('007', 'Coco', 'Perea', 'g@.com', '129', 'coordinador');
insert into usuario (cedula, nombres, apellidos, correo_electronico, contrasena, type) values ('008', 'Camello', 'Serna', 'h@.com', '130', 'coordinador');
insert into usuario (cedula, nombres, apellidos, correo_electronico, contrasena, type) values ('009', 'Wilson', 'Carpintero', 'i@.com', '131', 'coordinador');
insert into usuario (cedula, nombres, apellidos, correo_electronico, contrasena, type) values ('010', 'Carmelo', 'Valencia', 'j@.com', '132', 'digitador');
insert into usuario (cedula, nombres, apellidos, correo_electronico, contrasena, type) values ('011', 'Pelicano', 'Banguero', 'k@.com', '133', 'digitador');
insert into usuario (cedula, nombres, apellidos, correo_electronico, contrasena, type) values ('012', 'Fantasma', 'Ballesteros', 'l@.com', '134', 'digitador');
insert into usuario (cedula, nombres, apellidos, correo_electronico, contrasena, type) values ('013', 'Galvan', 'Rey', 'm@.com', '135', 'digitador');
insert into usuario (cedula, nombres, apellidos, correo_electronico, contrasena, type) values ('014', 'Chicho', 'Serna', 'n@.com', '136', 'digitador');
insert into usuario (cedula, nombres, apellidos, correo_electronico, contrasena, type) values ('015', 'Edixon', 'Perea', 'o@.com', '137', 'leaderteacher');
insert into usuario (cedula, nombres, apellidos, correo_electronico, contrasena, type) values ('016', 'Pitufo', 'DeAvila', 'p@.com', '138', 'leaderteacher');
insert into usuario (cedula, nombres, apellidos, correo_electronico, contrasena, type) values ('017', 'Jaime', 'Castrillon', 'q@.com', '139', 'masterteacher');
insert into usuario (cedula, nombres, apellidos, correo_electronico, contrasena, type) values ('018', 'Tressor', 'Moreno', 'r@.com', '140', 'masterteacher');
insert into usuario (cedula, nombres, apellidos, correo_electronico, contrasena) values ('019', 'Wason', 'Renteria', 's@.com', '141');
insert into usuario (cedula, nombres, apellidos, correo_electronico, contrasena) values ('020', 'Dayro', 'Moreno', 'u@.com', '142');
insert into usuario (cedula, nombres, apellidos, correo_electronico, contrasena) values ('021', 'Hugo', 'Rodallega', 'v@.com', '143');
insert into usuario (cedula, nombres, apellidos, correo_electronico, contrasena) values ('022', 'Felipe', 'Pardo', 'w@.com', '144');
insert into usuario (cedula, nombres, apellidos, correo_electronico, contrasena) values ('023', 'Walter', 'Moreno', 'x@.com', '145');
insert into usuario (cedula, nombres, apellidos, correo_electronico, contrasena) values ('024', 'Juan', 'Toja', 'y@.com', '146');
insert into usuario (cedula, nombres, apellidos, correo_electronico, contrasena) values ('025', 'Libis', 'Arenas', 'z@.com', '147');
insert into usuario (cedula, nombres, apellidos, correo_electronico, contrasena) values ('026', 'Totono', 'Grisales', 'aa@.com', '148');
insert into usuario (cedula, nombres, apellidos, correo_electronico, contrasena) values ('027', 'Bolillo', 'Gomez', 'ab@.com', '149');
insert into usuario (cedula, nombres, apellidos, correo_electronico, contrasena) values ('028', 'Leonel', 'Alvarez', 'ac@.com', '150');
insert into usuario (cedula, nombres, apellidos, correo_electronico, contrasena) values ('029', 'Daniel', 'Correa', 'ad@.com', '151');
insert into usuario (cedula, nombres, apellidos, correo_electronico, contrasena) values ('030', 'Jackson', 'Martinez', 'ae@.com', '152');
insert into usuario (cedula, nombres, apellidos, correo_electronico, contrasena) values ('031', 'Walter', 'Moreno', 'af@.com', '153');
insert into usuario (cedula, nombres, apellidos, correo_electronico, contrasena) values ('032', 'Sergio', 'Herrera', 'ag@.com', '154');
insert into usuario (cedula, nombres, apellidos, correo_electronico, contrasena) values ('033', 'Elkin', 'Murillo', 'ah@.com', '155');
insert into usuario (cedula, nombres, apellidos, correo_electronico, contrasena) values ('034', 'Alvaro', 'Arbeloa', 'ai@.com', '156');
insert into usuario (cedula, nombres, apellidos, correo_electronico, contrasena) values ('035', 'Piojo', 'Acuna', 'aj@.com', '157');
insert into usuario (cedula, nombres, apellidos, correo_electronico, contrasena) values ('036', 'Wilder', 'Medina', 'ak@.com', '158');

--leader teacher
insert into usuario (cedula,nombres,apellidos,telefono, correo_electronico,contrasena,type) values
('101', 'federico','gonzales',3375582,'al@.com','1','masterteacher'),
('102', 'nilson','zapata',3182005048,'am@.com','2','leaderteacher'),
('103', 'b','ramirez',3352284,'an@.com','3','leaderteacher'),
('104', 'juan carlos','pinto',3112145028,'ao@.com','4','leaderteacher'),
('105', 'diana','sanchez',3100320,'ap@.com','5','leaderteacher'),    
('106', 'luisa','lopez',3375582,'aq@.com','1','masterteacher'),
('107', 'leidy','zapata',3182005048,'ar@.com','2','leaderteacher'),
('108', 'viviana','rodriguez',3352284,'as@.com','3','leaderteacher'),
('109', 'jessica','giraldo',3112145028,'at@.com','4','leaderteacher'),
('110', 'carlos','sanchez',3100320,'au@.com','5','leaderteacher'),
('111', 'felipe','valencia',3182005048,'av@.com','2','leaderteacher'),
('112', 'juan esteban','fiesco',3352284,'aw@..com','3','leaderteacher'),
('113', 'carlos','daza',3112145028,'ax@.com','4','leaderteacher'),
('114', 'andres','jimenez',3100320,'ay@.com','5','leaderteacher'),    
('115', 'angelica','hurtado',3375582,'az@.com','1','masterteacher'),
('116', 'nathalia','garzon',3182005048,'ba@.com','2','leaderteacher'),
('117', 'angie','trujillo',3112145028,'bb@.com','4','leaderteacher'),
('118', 'richard','munoz',3352284,'bc@.com','3','leaderteacher'),
('119', 'yuli','ruiz',3100320,'bd@.com','5','leaderteacher'),

--otros usuarios
('150', 'name','lastname',3358615,'be@.com','6','coordinador'),
('151', 'diego','ortiz',3205052042,'bf@.com','7','digitador');

--LT (los 9 primeros son los dptos validos)
insert into leaderteacher (cedula , dpto_secretaria) values ('001', 'Valle del Cauca');
insert into leaderteacher (cedula , dpto_secretaria) values ('002', 'Cauca');
insert into leaderteacher (cedula , dpto_secretaria) values ('003', 'Amazonas');
insert into leaderteacher (cedula , dpto_secretaria) values ('004', 'Narino');
insert into leaderteacher (cedula , dpto_secretaria) values ('005', 'Tolima');
insert into leaderteacher (cedula , dpto_secretaria) values ('006', 'Huila');
insert into leaderteacher (cedula , dpto_secretaria) values ('007', 'Caqueta');
insert into leaderteacher (cedula , dpto_secretaria) values ('008', 'Putumayo');
insert into leaderteacher (cedula , dpto_secretaria) values ('009', 'Amazonas');
insert into leaderteacher (cedula , dpto_secretaria) values ('010', 'Valle del Cauca');
insert into leaderteacher (cedula , dpto_secretaria) values ('011', 'Cauca');
insert into leaderteacher (cedula , dpto_secretaria) values ('012', 'Amazonas');
insert into leaderteacher (cedula , dpto_secretaria) values ('013', 'Narino');
insert into leaderteacher (cedula , dpto_secretaria) values ('014', 'Tolima');
insert into leaderteacher (cedula , dpto_secretaria) values ('015', 'Huila');
insert into leaderteacher (cedula , dpto_secretaria) values ('016', 'Caqueta');
insert into leaderteacher (cedula , dpto_secretaria) values ('017', 'Putumayo');
insert into leaderteacher (cedula , dpto_secretaria) values ('018', 'Amazonas');
insert into leaderteacher (cedula , dpto_secretaria) values ('019', 'Valle del Cauca');
insert into leaderteacher (cedula , dpto_secretaria) values ('020', 'Cauca');
insert into leaderteacher (cedula , dpto_secretaria) values ('021', 'Amazonas');
insert into leaderteacher (cedula , dpto_secretaria) values ('022', 'Narino');
insert into leaderteacher (cedula , dpto_secretaria) values ('023', 'Tolima');
insert into leaderteacher (cedula , dpto_secretaria) values ('024', 'Huila');
insert into leaderteacher (cedula , dpto_secretaria) values ('025', 'Caqueta');
insert into leaderteacher (cedula , dpto_secretaria) values ('026', 'Putumayo');
insert into leaderteacher (cedula , dpto_secretaria) values ('027', 'Amazonas');
insert into leaderteacher (cedula , dpto_secretaria) values ('028', 'Valle del Cauca');
insert into leaderteacher (cedula , dpto_secretaria) values ('029', 'Cauca');
insert into leaderteacher (cedula , dpto_secretaria) values ('030', 'Amazonas');
insert into leaderteacher (cedula , dpto_secretaria) values ('031', 'Narino');
insert into leaderteacher (cedula , dpto_secretaria) values ('032', 'Tolima');
insert into leaderteacher (cedula , dpto_secretaria) values ('033', 'Huila');
insert into leaderteacher (cedula , dpto_secretaria) values ('034', 'Caqueta');
insert into leaderteacher (cedula , dpto_secretaria) values ('035', 'Putumayo');
insert into leaderteacher (cedula , dpto_secretaria) values ('036', 'Amazonas');

insert into leaderteacher (cedula,dpto_secretaria) values
('102','Valle Del Cauca'),
('103','Valle Del Cauca'),
('104','Cauca'),
('105','Valle Del Cauca'),
('106','Putumayo'),
('107','Valle Del Cauca'),
('108','Amazonas'),
('109','Valle Del Cauca'),
('110','Amazonas'),
('111','Amazonas'),
('112','Tolima'),
('113','Valle Del Cauca'),
('114','Amazonas'),
('115','Tolima'),
('116','Cauca'),
('117','Amazonas'),
('118','Cauca'),
('119','Cauca');

--CURSOS
insert into curso (id, nombre, descripcion) values (001, 'curso1', 'desc curso1');
insert into curso (id, nombre, descripcion) values (002, 'curso2', 'desc curso2');
insert into curso (id, nombre, descripcion) values (003, 'curso3', 'desc curso3');
insert into curso (id, nombre, descripcion) values (004, 'curso4', 'desc curso4');
insert into curso (id, nombre, descripcion) values (005, 'curso5', 'desc curso5');
insert into curso (id, nombre, descripcion) values (006, 'curso6', 'desc curso6');
insert into curso (id, nombre, descripcion) values (007, 'curso7', 'desc curso7');
insert into curso (id, nombre, descripcion) values (008, 'curso8', 'desc curso8');
insert into curso (id, nombre, descripcion) values (009, 'curso9', 'desc curso9');
insert into curso (id, nombre, descripcion) values (010, 'curso10', 'desc curso10');
insert into curso (id, nombre, descripcion) values (011, 'curso11', 'desc curso11');
insert into curso (id, nombre, descripcion) values (012, 'curso12', 'desc curso12');
insert into curso (id, nombre, descripcion) values (013, 'curso13', 'desc curso13');
insert into curso (id, nombre, descripcion) values (014, 'curso14', 'desc curso14');
insert into curso (id, nombre, descripcion) values (015, 'curso15', 'desc curso15');
insert into curso (id, nombre, descripcion) values (016, 'curso16', 'desc curso16');
insert into curso (id, nombre, descripcion) values (017, 'curso17', 'desc curso17');
insert into curso (id, nombre, descripcion) values (018, 'curso18', 'desc curso18');
insert into curso (id, nombre, descripcion) values (019, 'curso19', 'desc curso19');
insert into curso (id, nombre, descripcion) values (020, 'curso20', 'desc curso20');

--COHORTES (id_curso, id_cohorte, año, semestre, fecha_ini, fecha_fin)
insert into cohorte values (001, 001, 2015, 1, '2015-01-01', '2015-02-15');
insert into cohorte values (001, 002, 2015, 1, '2015-02-01', '2015-03-15');
insert into cohorte values (001, 003, 2015, 1, '2015-01-01', '2015-02-15');
insert into cohorte values (001, 004, 2015, 1, '2015-01-01', '2015-06-15');
insert into cohorte values (002, 004, 2015, 1, '2015-01-01', '2015-02-15');
insert into cohorte values (002, 005, 2015, 1, '2015-03-01', '2015-04-15');
insert into cohorte values (002, 006, 2015, 1, '2015-05-01', '2015-06-15');
insert into cohorte values (003, 007, 2015, 1, '2015-01-01', '2015-02-15');
insert into cohorte values (003, 008, 2015, 1, '2015-03-01', '2015-04-15');
insert into cohorte values (004, 009, 2015, 1, '2015-01-01', '2015-02-15');
insert into cohorte values (004, 010, 2015, 1, '2015-04-01', '2015-05-15');
insert into cohorte values (004, 011, 2015, 1, '2015-02-01', '2015-03-15');
insert into cohorte values (005, 012, 2015, 1, '2015-01-01', '2015-02-15');
insert into cohorte values (005, 013, 2015, 1, '2015-01-01', '2015-02-15');
insert into cohorte values (006, 014, 2015, 1, '2015-01-01', '2015-02-15');
insert into cohorte values (007, 015, 2015, 1, '2015-03-01', '2015-04-15');
insert into cohorte values (008, 016, 2015, 1, '2015-01-01', '2015-02-15');
insert into cohorte values (009, 017, 2015, 1, '2015-01-01', '2015-02-15');
insert into cohorte values (010, 018, 2015, 1, '2015-01-01', '2015-02-15');
insert into cohorte values (010, 019, 2015, 1, '2015-02-01', '2015-03-15');
insert into cohorte values (010, 020, 2015, 1, '2015-03-01', '2015-04-15');
insert into cohorte values (010, 021, 2015, 1, '2015-04-01', '2015-05-15');
insert into cohorte values (011, 022, 2015, 1, '2015-01-01', '2015-02-15');
insert into cohorte values (011, 023, 2015, 1, '2015-02-01', '2015-03-15');
insert into cohorte values (012, 024, 2015, 1, '2015-01-01', '2015-02-15');


--Matricula (lt,curso, cohorte, nota)
insert into matricula (cedula_lt, id_curso, id_cohorte, nota_definitiva) values
('001', 001, 001, 3.3),
('002', 001, 002, 3),
('003', 001, 001, 3.63),
('004', 001, 001, 0.53),
('005', 001, 001, 1.97),
('006', 001, 001, 2.87),

('007', 002, 004, 3.0),
('008', 002, 004, 5.0),
('009', 002, 004, 4.0),
('010', 002, 005, 0.5),

('011', 003, 007, 4.5),
('012', 003, 007, 11),

('013', 004, 009, 4.4),
('014', 004, 009, 0.5),
('015', 004, 009, 1.6),
('016', 004, 009, 2.7),

('017', 005, 012, 4.0),
('018', 005, 012, 1.0),

('019', 006, 014, 4.75),
('020', 006, 014, 1.0),
('021', 006, 014, 1.0),
('022', 006, 014, 4.0),
('023', 006, 014, 2.0),
('024', 006, 014, 3.75),
('025', 006, 014, 2.75),

('026', 007, 015, 2.1),
('027', 007, 015, 4.0),
('028', 007, 015, 1.4),

('029', 010, 018, 4.25),
('030', 010, 018, 2.75),
('031', 010, 018, 2.5),
('032', 010, 019, 2.0),
('033', 010, 019, 4.25),
('034', 010, 019, 20),

('035', 009, 017, 3.2),
('036', 009, 017, 4.3);


insert into matricula  (cedula_lt, id_curso, id_cohorte, nota_definitiva) values
('102', 001, 004,	0),
('103', 001, 004,	0),
('104', 001, 004,	0),
('105', 001, 004,	0),
('106', 001, 004,	0),
('107', 001, 004,	0),
('108', 001, 004,	0),
('109', 001, 004,	0),
('110', 001, 004,	0),
('111', 001, 004,	0),
('112', 001, 004,	0),
('113', 001, 004,	0),
('114', 001, 004,	0),
('115', 001, 004,	0),
('116', 001, 004,	0),
('117', 001, 004,	0),
('118', 001, 004,	0),
('119', 001, 004,	0);


--Actividades(curso,actividad,nombre,ponderado)
insert into actividades (id_curso,id_actividad, nombre, ponderado) values
(001, 1, 'act1', 0.3),
(001, 2, 'act2', 0.3),
(001, 3, 'act3', 0.3),
(001, 4, 'act4', 0.1),

(002, 5, 'actividad1', 0.5),
(002, 6, 'actividad2', 0.5),

(003, 7, 'act1', 0.5),
(003, 8, 'act2', 0.5),

(004, 9, 'act1', 0.2),
(004, 10, 'act2', 0.4),
(004, 11, 'act3', 0.4),

(005, 12, 'actividad', 1),

(006, 13, 'act1', 0.25),
(006, 14, 'act2', 0.75),

(007, 15, 'act1', 0.6),
(007, 16, 'act2', 0.4),

(010, 17, 'act1', 0.5),
(010, 18, 'act2', 0.5);


--Notas
insert into notas (cedula_lt, id_actividad, id_curso, id_cohorte, nota, asistencia) values
('001', 1, 001, 001, 5.0, 'true'),
('001', 2, 001, 001, 3.0, 'true'),
('001', 3, 001, 001, 1.0, 'true'),
('001', 4, 001, 001, 5.0, 'true'),

('003', 1, 001, 001, 1.0, 'true'),
('003', 2, 001, 001, 4.0, 'true'),
('003', 3, 001, 001, 5.0, 'true'),
('003', 4, 001, 001, 3.0, 'true'),

('004', 1, 001, 001, 1.0, 'true'),
('004', 2, 001, 001, 0.0, 'false'),
('004', 3, 001, 001, 0.0, 'false'),
('004', 4, 001, 001, 3.0, 'true'),

('005', 1, 001, 001, 0.0, 'false'),
('005', 2, 001, 001, 5.0, 'true'),
('005', 3, 001, 001, 0.0, 'false'),
('005', 4, 001, 001, 2.0, 'true'),

('006', 1, 001, 001, 1.0, 'true'),
('006', 2, 001, 001, 3.0, 'true'),
('006', 3, 001, 001, 4.0, 'true'),
('006', 4, 001, 001, 3.0, 'true'),

('002', 1, 001, 002, 0.0, 'false'),
('002', 2, 001, 002, 4.0, 'true'),
('002', 3, 001, 002, 5.0, 'true'),
('002', 4, 001, 002, 2.0, 'true'),

('007', 5, 002, 004, 3.0, 'true'),
('007', 6, 002, 004, 3.0, 'true'),

('008', 5, 002, 004, 5.0, 'true'),
('008', 6, 002, 004, 5.0, 'true'),

('009', 5, 002, 004, 3.0, 'false'),
('009', 6, 002, 004, 5.0, 'true'),

('010', 5, 002, 005, 1.0, 'true'),
('010', 6, 002, 005, 0.0, 'false'),

('011', 7, 003, 007, 4.0, 'true'),
('011', 8, 003, 007, 5.0, 'false'),

('012', 7, 003, 007, 0.0, 'false'),
('012', 8, 003, 007, 2.0, 'true'),

('013', 9, 004, 009, 4.0, 'true'),
('013', 10, 004, 009, 5.0, 'true'),
('013', 11, 004, 009, 1.0, 'true'),

('014', 9, 004, 009, 0.0, 'false'),
('014', 10, 004, 009, 2.0, 'true'),
('014', 11, 004, 009, 3.0, 'true'),

('015', 9, 004, 009, 2.0, 'true'),
('015', 10, 004, 009, 4.0, 'true'),
('015', 11, 004, 009, 1.0, 'true'),

('016', 9, 004, 009, 2.0, 'true'),
('016', 10, 004, 009, 5.0, 'true'),
('016', 11, 004, 009, 0.0, 'false'),

('017', 12, 005, 012, 4.0, 'true'),

('018', 12, 005, 012, 1.0, 'true'),

('019', 13, 006, 014, 4.0, 'true'),
('019', 14, 006, 014, 5.0, 'true'),

('020', 13, 006, 014, 4.0, 'true'),
('020', 14, 006, 014, 0.0, 'false'),

('021', 13, 006, 014, 4.0, 'true'),
('021', 14, 006, 014, 0.0, 'false'),

('022', 13, 006, 014, 1.0, 'true'),
('022', 14, 006, 014, 5.0, 'true'),

('023', 13, 006, 014, 2.0, 'true'),
('023', 14, 006, 014, 2.0, 'true'),

('024', 13, 006, 014, 3.0, 'true'),
('024', 14, 006, 014, 4.0, 'true'),

('025', 13, 006, 014, 5.0, 'true'),
('025', 14, 006, 014, 2.0, 'true'),

('026', 15, 007, 015, 2.0, 'true'),
('026', 16, 007, 015, 2.0, 'true'),

('027', 15, 007, 015, 3.0, 'true'),
('027', 16, 007, 015, 4.0, 'true'),

('028', 15, 007, 015, 5.0, 'true'),
('028', 16, 007, 015, 2.0, 'true'),

('029', 17, 010, 018, 5.0, 'true'),
('029', 18, 010, 018, 4.0, 'true'),

('030', 17, 010, 018, 5.0, 'true'),
('030', 18, 010, 018, 2.0, 'true'),

('031', 17, 010, 018, 1.0, 'true'),
('031', 18, 010, 018, 3.0, 'true'),

('032', 17, 010, 019, 2.0, 'true'),
('032', 18, 010, 019, 2.0, 'true'),

('033', 17, 010, 019, 2.0, 'true'),
('033', 18, 010, 019, 5.0, 'true'),

('034', 17, 010, 019, 2.0, 'true'),
('034', 18, 010, 019, 2.0, 'true');

--Dicta

insert into  masterteacher (cedula) values ('101');

--masterteacher
insert into  dicta (cedula_mt, id_curso, id_cohorte) Values
('101',001,004);


alter sequence sec_areas restart with 200;
alter sequence sec_cohorte restart with 200;
alter sequence sec_curso restart with 200;
alter sequence sec_grados restart with 200;
alter sequence sec_mod restart with 200;
alter sequence sec_niveles restart with 200;
alter sequence sec_zona restart with 200;



